{"cameraMode":{"drawMode":0,"name":"Shaded","section":"Shading Mode"},"sceneLighting":true,"audioPlay":false,"sceneViewState":{"showFog":true,"showMaterialUpdate":false,"showSkybox":true,"showFlares":true,"showImageEffects":true,"showParticleSystems":true,"showVisualEffectGraphs":true,"m_FxEnabled":true},"in2DMode":false,"pivot":{"x":5.983272552490234,"y":1.1563796997070313,"z":0.44305944442749026},"rotation":{"x":-0.13422904908657075,"y":0.038395676761865619,"z":-0.004963409621268511,"w":-0.990402340888977},"size":12.12435531616211,"orthographic":false}